jhsdgjhsgladhg,contact@example.com,jsbvdjbnsvdjnsd,jfnbjnasbjbs
bnfbfnbfn,contact@example.com,nfnfnfnfhjfjfj,jfjfjfjfjhfhfhf
hsdsfbdshgbs,contact@example.com,adfhjnajshgan,n fbnznjbnfdmbkmsdfmbd
jfdnbasdjbn,contact@example.com,hdbfhsahgbqahb,jfnbgjajbngajnb
dwfhwehwhjhj,vhfhfhfh@gmail.com,jfadfgann,jfnbjnfdzjnbd;n
Loubens,loubens@gmail.com,hellooooooo,i am a new employee
hghghgh,hghghgh@gmail.com,jfjgjggj,jnfadjbnjanfdbfb
jgjgjhbahah,hbgbsgbla@gmail.com,hbafhbajb,fbajdfnbajn
uuheweehg,hbfahbghb@gmail.com,hbahgbabg,zfbajlbjalb
uuheweehg,hbfahbghb@gmail.com,hbahgbabg,zfbajlbjalb
uuheweehg,hbfahbghb@gmail.com,hbahgbabg,zfbajlbjalb
jdshgbbab,jgjasjbn@gmail.com,hdfhghahdjg,fbzxbnjznbjzb
ffjjgjgjgkjjbdakjn,jnfbjnjdn@gmail.com,jfnbgjadnfb,jfnbjsdnjnb
jffhjfhfhfh,hfhfhfhfh@gmail.com,ngngngngnn,nf fbadngjnjanb
hdhhdhdh,hfhfhfh@gmail.com,jfjfjfjfjj,jfjfjfjfjjf
nfnfnffjh,hfhfhf@gmail.com,jfnjajdng,dfjnbjan;dn
fnfnfn,gfhfhfj@gmail.com,hfhfhfh,nvfnvnvnv
ketia1,kettia.dufresne@aol.com,hello,very apply
